{
    "mean_reward": 192.93645861392463,
    "std_reward": 94.9958773569673
}