{
    "terminal": {
        "mean_trajectory": [
            51.63,
            54.4875,
            56.02,
            60.535,
            62.5925,
            65.5925,
            69.2575,
            70.52,
            70.8375,
            70.8375
        ],
        "std_trajectory": [
            4.506728303326039,
            8.027014933958949,
            8.872265776001077,
            12.198976391484656,
            13.215741324269331,
            14.948940388870378,
            16.112086107950148,
            16.851842629220105,
            16.24682180458689,
            16.24682180458689
        ],
        "final_mean": 70.8375,
        "final_std": 16.24682180458689,
        "ratio": 4.360083517159026
    },
    "cumulative": {
        "mean_trajectory": [
            51.945,
            55.115,
            57.385,
            59.5025,
            63.025,
            65.9325,
            67.0825,
            68.735,
            70.89,
            70.89
        ],
        "std_trajectory": [
            4.982416582342347,
            8.446554031082739,
            10.778880971603686,
            11.31804394539975,
            14.420883294722275,
            15.083221431444946,
            15.354643230957857,
            16.657198894171852,
            19.087997537719875,
            19.087997537719875
        ],
        "final_mean": 70.89,
        "final_std": 19.087997537719875,
        "ratio": 3.7138521116620766
    }
}