{
  "linear": {
    "mean": 7.77,
    "std": 24.408955323815068
  },
  "nonlinear": {
    "mean": 149.82,
    "std": 66.26905461827565
  }
}